TRUNCATE TABLE bangumix_user;
TRUNCATE TABLE bangumix_anime;
TRUNCATE TABLE bangumix_anime_comment;
TRUNCATE TABLE bangumix_anime_point;
TRUNCATE TABLE bangumix_anime_tag;

-- 123456 : e10adc3949ba59abbe56e057f20f883e

insert into bangumix_user (username, password) values ('Tison', 'e10adc3949ba59abbe56e057f20f883e');
insert into bangumix_user (username, password) values ('Real', 'e10adc3949ba59abbe56e057f20f883e');
insert into bangumix_user (username, password) values ('Think', 'e10adc3949ba59abbe56e057f20f883e');
insert into bangumix_anime (anime_name, director_name, synopsis) values ('Megalo Box', '森山洋', '一首复古的热血拳击赞歌');
insert into bangumix_anime (anime_name, director_name, synopsis) values ('Unnatural', '野木亚纪子', '非自然死亡原因研究所');
insert into bangumix_anime_comment (anime_name, username, comment_content, comment_timestamp) values ('Megalo Box', 'Tison', 'Good', null);
insert into bangumix_anime_point (anime_name, username, point) values ('Megalo Box', 'Tison', 4);
insert into bangumix_anime_point (anime_name, username, point) values ('Megalo Box', 'Real', 5);
insert into bangumix_anime_tag (anime_name, username, tag_content) values ('Megalo Box', 'Tison', '复古');
insert into bangumix_anime_tag (anime_name, username, tag_content) values ('Megalo Box', 'Tison', '四月新番');
insert into bangumix_anime_tag (anime_name, username, tag_content) values ('Megalo Box', 'Real', '四月新番');
insert into bangumix_anime_tag (anime_name, username, tag_content) values ('Megalo Box', 'Think', '四月新番');
insert into bangumix_anime_tag (anime_name, username, tag_content) values ('Megalo Box', 'Tison', 'Good');


-- test data begins

insert into bangumix_user (username, password) values ('Crystaltorch', '52dfa74ebd8aa9d403fae70cb0bfd207');
insert into bangumix_user (username, password) values ('Craftertime', '3aee8fb46a7a98feea88efc21f2a5164');
insert into bangumix_user (username, password) values ('Terrierplump', '05e310ea5f644fdc258c5fb58e0e4e63');
insert into bangumix_user (username, password) values ('Leopardquasar', 'f7f1f19630199d1a6c63e58d5e37fe87');
insert into bangumix_user (username, password) values ('Piratecurly', 'b90629a8eefdcf64369fda81db9fabd0');
insert into bangumix_user (username, password) values ('Fishergrave', 'dc3c88c6253978d6d69b2a6ae3582206');
insert into bangumix_user (username, password) values ('Ribdew', '07789845439f23f54ada3b1529e49619');
insert into bangumix_user (username, password) values ('Glazerrelic', 'edb3392bb529ec9b2c9cde0e96f3ea1e');
insert into bangumix_user (username, password) values ('Swordlegend', '4e109ce06cb63aae79efd3d393d2a0fe');
insert into bangumix_user (username, password) values ('Arrowmint', '7ebe02333023242182e3bba19f013382');
insert into bangumix_anime (anime_name, director_name, synopsis) values ('White', 'Crystaltorch', 'Near it in the field, I remember, were three faint points of light, three telescopic stars infinitely remote, and all around it was the unfathomable darkness of empty space.');
insert into bangumix_anime (anime_name, director_name, synopsis) values ('Martinez', 'Craftertime', 'The secular cooling that must someday overtake our planet has already gone far indeed with our neighbour.');
insert into bangumix_anime (anime_name, director_name, synopsis) values ('Thompson', 'Terrierplump', 'Near it in the field, I remember, were three faint points of light, three telescopic stars infinitely remote, and all around it was the unfathomable darkness of empty space.');
insert into bangumix_anime (anime_name, director_name, synopsis) values ('Wilson', 'Leopardquasar', 'It was at this time that the meeting, or, rather gathering of the mem- bers of this inharmonious family took place in the cell of the elder who had such an extraordinary influence on Alyosha.');
insert into bangumix_anime (anime_name, director_name, synopsis) values ('Brown', 'Piratecurly', 'One dog rolled before him, well-nigh slashed in half; but a second had him by the thigh, a third gripped his collar be- hind, and a fourth had the blade of the sword between its teeth, tasting its own blood.');
insert into bangumix_anime (anime_name, director_name, synopsis) values ('Smith', 'Fishergrave', 'Near it in the field, I remember, were three faint points of light, three telescopic stars infinitely remote, and all around it was the unfathomable darkness of empty space.');
insert into bangumix_anime (anime_name, director_name, synopsis) values ('Miller', 'Ribdew', 'One dog rolled before him, well-nigh slashed in half; but a second had him by the thigh, a third gripped his collar be- hind, and a fourth had the blade of the sword between its teeth, tasting its own blood.');
insert into bangumix_anime (anime_name, director_name, synopsis) values ('Robinson', 'Glazerrelic', 'The secular cooling that must someday overtake our planet has already gone far indeed with our neighbour.');
insert into bangumix_anime (anime_name, director_name, synopsis) values ('Miller', 'Swordlegend', 'The Nellie, a cruising yawl, swung to her anchor without a flutter of the sails, and was at rest.');
insert into bangumix_anime (anime_name, director_name, synopsis) values ('Harris', 'Arrowmint', 'The Nellie, a cruising yawl, swung to her anchor without a flutter of the sails, and was at rest.');
insert into bangumix_anime_comment (anime_name, username, comment_content, comment_timestamp) values ('Brown', 'Arrowmint', 'The Nellie, a cruising yawl, swung to her anchor without a flutter of the sails, and was at rest.', null);
insert into bangumix_anime_comment (anime_name, username, comment_content, comment_timestamp) values ('Miller', 'Fishergrave', 'The secular cooling that must someday overtake our planet has already gone far indeed with our neighbour.', null);
insert into bangumix_anime_comment (anime_name, username, comment_content, comment_timestamp) values ('Wilson', 'Piratecurly', 'He spoke of the happiness that was now certainly theirs, of the folly of not breaking sooner out of that magnificent prison of latter-day life, of the old romantic days that had passed from the world for ever.', null);
insert into bangumix_anime_comment (anime_name, username, comment_content, comment_timestamp) values ('Wilson', 'Ribdew', 'He spoke of the happiness that was now certainly theirs, of the folly of not breaking sooner out of that magnificent prison of latter-day life, of the old romantic days that had passed from the world for ever.', null);
insert into bangumix_anime_comment (anime_name, username, comment_content, comment_timestamp) values ('Harris', 'Craftertime', 'He completely abandoned the child of his marriage with Adelaida Ivanovna, not from malice, nor because of his matrimoni- al grievances, but simply because he forgot him.', null);
insert into bangumix_anime_comment (anime_name, username, comment_content, comment_timestamp) values ('Brown', 'Craftertime', 'He spoke of the happiness that was now certainly theirs, of the folly of not breaking sooner out of that magnificent prison of latter-day life, of the old romantic days that had passed from the world for ever.', null);
insert into bangumix_anime_comment (anime_name, username, comment_content, comment_timestamp) values ('Wilson', 'Crystaltorch', 'Near it in the field, I remember, were three faint points of light, three telescopic stars infinitely remote, and all around it was the unfathomable darkness of empty space.', null);
insert into bangumix_anime_comment (anime_name, username, comment_content, comment_timestamp) values ('Thompson', 'Leopardquasar', 'One dog rolled before him, well-nigh slashed in half; but a second had him by the thigh, a third gripped his collar be- hind, and a fourth had the blade of the sword between its teeth, tasting its own blood.', null);
insert into bangumix_anime_comment (anime_name, username, comment_content, comment_timestamp) values ('Harris', 'Swordlegend', 'The secular cooling that must someday overtake our planet has already gone far indeed with our neighbour.', null);
insert into bangumix_anime_comment (anime_name, username, comment_content, comment_timestamp) values ('Harris', 'Crystaltorch', 'Near it in the field, I remember, were three faint points of light, three telescopic stars infinitely remote, and all around it was the unfathomable darkness of empty space.', null);
insert into bangumix_anime_comment (anime_name, username, comment_content, comment_timestamp) values ('White', 'Glazerrelic', 'The secular cooling that must someday overtake our planet has already gone far indeed with our neighbour.', null);
insert into bangumix_anime_comment (anime_name, username, comment_content, comment_timestamp) values ('White', 'Fishergrave', 'The sun set; the dusk fell on the stream, and lights began to appear along the shore. The Chapman light–house, a three–legged thing erect on a mud–flat, shone strongly.', null);
insert into bangumix_anime_comment (anime_name, username, comment_content, comment_timestamp) values ('Brown', 'Leopardquasar', 'It was at this time that the meeting, or, rather gathering of the mem- bers of this inharmonious family took place in the cell of the elder who had such an extraordinary influence on Alyosha.', null);
insert into bangumix_anime_comment (anime_name, username, comment_content, comment_timestamp) values ('Thompson', 'Glazerrelic', 'Near it in the field, I remember, were three faint points of light, three telescopic stars infinitely remote, and all around it was the unfathomable darkness of empty space.', null);
insert into bangumix_anime_comment (anime_name, username, comment_content, comment_timestamp) values ('Brown', 'Crystaltorch', 'He completely abandoned the child of his marriage with Adelaida Ivanovna, not from malice, nor because of his matrimoni- al grievances, but simply because he forgot him.', null);
insert into bangumix_anime_comment (anime_name, username, comment_content, comment_timestamp) values ('Miller', 'Leopardquasar', 'She stared at him in astonishment, and as she read something of the significant hieroglyphic of his battered face, her lips whitened.', null);
insert into bangumix_anime_comment (anime_name, username, comment_content, comment_timestamp) values ('Martinez', 'Ribdew', 'Near it in the field, I remember, were three faint points of light, three telescopic stars infinitely remote, and all around it was the unfathomable darkness of empty space.', null);
insert into bangumix_anime_comment (anime_name, username, comment_content, comment_timestamp) values ('Martinez', 'Leopardquasar', 'He completely abandoned the child of his marriage with Adelaida Ivanovna, not from malice, nor because of his matrimoni- al grievances, but simply because he forgot him.', null);
insert into bangumix_anime_comment (anime_name, username, comment_content, comment_timestamp) values ('Smith', 'Glazerrelic', 'The secular cooling that must someday overtake our planet has already gone far indeed with our neighbour.', null);
insert into bangumix_anime_comment (anime_name, username, comment_content, comment_timestamp) values ('Smith', 'Swordlegend', 'It was at this time that the meeting, or, rather gathering of the mem- bers of this inharmonious family took place in the cell of the elder who had such an extraordinary influence on Alyosha.', null);
insert into bangumix_anime_point (anime_name, username, point) values ('White', 'Glazerrelic', 1);
insert into bangumix_anime_point (anime_name, username, point) values ('Smith', 'Glazerrelic', 1);
insert into bangumix_anime_point (anime_name, username, point) values ('Miller', 'Fishergrave', 1);
insert into bangumix_anime_point (anime_name, username, point) values ('Miller', 'Craftertime', 3);
insert into bangumix_anime_point (anime_name, username, point) values ('Robinson', 'Arrowmint', 1);
insert into bangumix_anime_point (anime_name, username, point) values ('Thompson', 'Ribdew', 2);
insert into bangumix_anime_point (anime_name, username, point) values ('Thompson', 'Fishergrave', 3);
insert into bangumix_anime_point (anime_name, username, point) values ('Brown', 'Craftertime', 3);
insert into bangumix_anime_point (anime_name, username, point) values ('Thompson', 'Swordlegend', 3);
insert into bangumix_anime_point (anime_name, username, point) values ('Thompson', 'Piratecurly', 3);
insert into bangumix_anime_point (anime_name, username, point) values ('Miller', 'Terrierplump', 3);
insert into bangumix_anime_point (anime_name, username, point) values ('Martinez', 'Terrierplump', 2);
insert into bangumix_anime_point (anime_name, username, point) values ('Brown', 'Fishergrave', 4);
insert into bangumix_anime_point (anime_name, username, point) values ('Miller', 'Leopardquasar', 1);
insert into bangumix_anime_point (anime_name, username, point) values ('Brown', 'Craftertime', 4);
insert into bangumix_anime_point (anime_name, username, point) values ('Brown', 'Fishergrave', 2);
insert into bangumix_anime_point (anime_name, username, point) values ('Miller', 'Arrowmint', 3);
insert into bangumix_anime_point (anime_name, username, point) values ('Miller', 'Fishergrave', 1);
insert into bangumix_anime_point (anime_name, username, point) values ('Brown', 'Ribdew', 4);
insert into bangumix_anime_point (anime_name, username, point) values ('Thompson', 'Craftertime', 4);
insert into bangumix_anime_point (anime_name, username, point) values ('Robinson', 'Piratecurly', 4);
insert into bangumix_anime_point (anime_name, username, point) values ('White', 'Arrowmint', 4);
insert into bangumix_anime_point (anime_name, username, point) values ('White', 'Leopardquasar', 1);
insert into bangumix_anime_point (anime_name, username, point) values ('Miller', 'Leopardquasar', 3);
insert into bangumix_anime_point (anime_name, username, point) values ('Smith', 'Ribdew', 4);
insert into bangumix_anime_point (anime_name, username, point) values ('White', 'Arrowmint', 3);
insert into bangumix_anime_point (anime_name, username, point) values ('Brown', 'Ribdew', 2);
insert into bangumix_anime_point (anime_name, username, point) values ('Wilson', 'Piratecurly', 2);
insert into bangumix_anime_point (anime_name, username, point) values ('Martinez', 'Ribdew', 2);
insert into bangumix_anime_point (anime_name, username, point) values ('White', 'Craftertime', 2);
insert into bangumix_anime_point (anime_name, username, point) values ('Brown', 'Leopardquasar', 1);
insert into bangumix_anime_point (anime_name, username, point) values ('White', 'Swordlegend', 4);
insert into bangumix_anime_point (anime_name, username, point) values ('Martinez', 'Glazerrelic', 2);
insert into bangumix_anime_point (anime_name, username, point) values ('Thompson', 'Crystaltorch', 1);
insert into bangumix_anime_point (anime_name, username, point) values ('Wilson', 'Terrierplump', 1);
insert into bangumix_anime_point (anime_name, username, point) values ('Brown', 'Leopardquasar', 4);
insert into bangumix_anime_point (anime_name, username, point) values ('Brown', 'Ribdew', 2);
insert into bangumix_anime_point (anime_name, username, point) values ('Thompson', 'Terrierplump', 2);
insert into bangumix_anime_point (anime_name, username, point) values ('Wilson', 'Ribdew', 2);
insert into bangumix_anime_point (anime_name, username, point) values ('Thompson', 'Craftertime', 4);
insert into bangumix_anime_tag (anime_name, username, tag_content) values ('Brown', 'Glazerrelic', 'Bolivia');
insert into bangumix_anime_tag (anime_name, username, tag_content) values ('Robinson', 'Swordlegend', 'Germany');
insert into bangumix_anime_tag (anime_name, username, tag_content) values ('Robinson', 'Fishergrave', 'Bolivia');
insert into bangumix_anime_tag (anime_name, username, tag_content) values ('Miller', 'Craftertime', 'São Tomé and Principe');
insert into bangumix_anime_tag (anime_name, username, tag_content) values ('Brown', 'Leopardquasar', 'Germany');
insert into bangumix_anime_tag (anime_name, username, tag_content) values ('Robinson', 'Fishergrave', 'Iraq');
insert into bangumix_anime_tag (anime_name, username, tag_content) values ('Martinez', 'Swordlegend', 'Iraq');
insert into bangumix_anime_tag (anime_name, username, tag_content) values ('Harris', 'Leopardquasar', 'Bolivia');
insert into bangumix_anime_tag (anime_name, username, tag_content) values ('Wilson', 'Glazerrelic', 'Bolivia');
insert into bangumix_anime_tag (anime_name, username, tag_content) values ('Robinson', 'Leopardquasar', 'Iraq');
insert into bangumix_anime_tag (anime_name, username, tag_content) values ('Thompson', 'Glazerrelic', 'Zimbabwe');
insert into bangumix_anime_tag (anime_name, username, tag_content) values ('Miller', 'Glazerrelic', 'Bolivia');
insert into bangumix_anime_tag (anime_name, username, tag_content) values ('Thompson', 'Terrierplump', 'Bolivia');
insert into bangumix_anime_tag (anime_name, username, tag_content) values ('Wilson', 'Terrierplump', 'Bolivia');
insert into bangumix_anime_tag (anime_name, username, tag_content) values ('Miller', 'Arrowmint', 'São Tomé and Principe');
insert into bangumix_anime_tag (anime_name, username, tag_content) values ('Robinson', 'Terrierplump', 'Iraq');
insert into bangumix_anime_tag (anime_name, username, tag_content) values ('Miller', 'Leopardquasar', 'Bolivia');
insert into bangumix_anime_tag (anime_name, username, tag_content) values ('Miller', 'Arrowmint', 'Germany');
insert into bangumix_anime_tag (anime_name, username, tag_content) values ('White', 'Piratecurly', 'Zimbabwe');
insert into bangumix_anime_tag (anime_name, username, tag_content) values ('Miller', 'Fishergrave', 'Iraq');

-- test data ends